id,username,email,first_name,last_name,gender,privacy,password,date_of_birth,phone,country,biography
1,rgadesby0,rgadesby0@marketwatch.com,Romain,Gadesby,Male,false,gAUBCtc,1996-10-04,5898348601,China,Customizable holistic pricing structure
2,ebakster1,ebakster1@google.com.hk,Elden,Bakster,Male,false,zJXMft,1993-03-05,9926827985,Czech Republic,Persistent bottom-line pricing structure
3,yvlasenkov2,yvlasenkov2@chron.com,Yanaton,Vlasenkov,Female,true,LvKSOihX7ry,1973-10-04,4934530803,Russia,Persevering 4th generation emulation
4,cmyner3,cmyner3@businesswire.com,Corbie,Myner,Female,false,xH0l7nvFg,2000-01-01,8778439331,Portugal,Phased high-level policy
5,ccrosson4,ccrosson4@cloudflare.com,Christos,Crosson,Male,true,nRulnDsy,1992-01-11,7492254761,Pakistan,Multi-channelled hybrid hierarchy
6,esemiras5,esemiras5@ehow.com,Emanuel,Semiras,Female,true,lZD308,1982-12-31,4873172833,Philippines,Visionary national knowledge base
7,ksobieski6,ksobieski6@timesonline.co.uk,Karisa,Sobieski,Female,true,zANAxXBLwzF,1984-02-01,3015233987,Poland,Switchable client-driven data-warehouse
8,frichmont7,frichmont7@indiegogo.com,Fredia,Richmont,Male,false,awqHmv0fePN,2003-06-29,2994769473,Thailand,Grass-roots leading edge system engine
9,cfuchs8,cfuchs8@vk.com,Chiquita,Fuchs,Male,false,p97xF87Ab0P5,1974-05-23,4386273610,Ghana,Cloned uniform toolset
10,clammers9,clammers9@yolasite.com,Charlean,Lammers,Female,true,cSOvix,2007-09-09,4515890873,China,Streamlined interactive collaboration
11,bsampera,bsampera@desdev.cn,Barny,Samper,Female,false,jx5YUBD,2003-03-14,5801736373,Peru,Centralized bandwidth-monitored database
12,lmoulsonb,lmoulsonb@msn.com,Lilli,Moulson,Female,true,dRdI6G,2007-01-28,3594052692,Argentina,Synchronised mission-critical implementation
13,dmathiasenc,dmathiasenc@com.com,Drew,Mathiasen,Male,false,w86oNEC1,1984-03-03,3182148934,China,De-engineered analyzing encoding
14,cechalied,cechalied@naver.com,Cosetta,Echalie,Female,true,sahqpFA5eL1,1992-09-27,9026345369,Colombia,Extended exuding migration
15,dcrimese,dcrimese@soundcloud.com,Dougie,Crimes,Female,false,RYJZPHa,1989-06-06,6874688768,Brazil,Multi-tiered uniform middleware
16,pwyeldf,pwyeldf@slate.com,Padgett,Wyeld,Female,false,RUPAXj,2007-06-02,7007725759,Zimbabwe,Focused actuating help-desk
17,ndanyg,ndanyg@telegraph.co.uk,Nessie,Dany,Male,false,myLPY2b,1992-12-06,4211469089,Tanzania,Cloned well-modulated moderator
18,jgarrich,jgarrich@ovh.net,Jimmie,Garric,Male,false,Xo7JPjpb6,1985-09-26,3616587954,Ecuador,Front-line client-server attitude
19,bgiampietroi,bgiampietroi@wiley.com,Byrom,Giampietro,Female,false,gGRgM43l7S,2003-09-11,6362966048,Peru,Polarised bandwidth-monitored portal
20,cfranceyj,cfranceyj@harvard.edu,Connor,Francey,Female,false,Xp6ZwUy48H,1983-02-08,6487617537,Bangladesh,Intuitive bifurcated capability
21,nhuskissonk,nhuskissonk@msu.edu,Ninnette,Huskisson,Female,true,cTyYR4,1971-04-09,8923226707,Iran,Advanced needs-based paradigm
22,pporchl,pporchl@wikipedia.org,Phillipp,Porch,Female,true,tfg7R2,1993-08-15,1169887257,China,Seamless non-volatile definition
23,mbourrelm,mbourrelm@123-reg.co.uk,Madelaine,Bourrel,Female,false,9zNPB1VPbl,1973-11-12,9665518043,Japan,Self-enabling mission-critical model
24,vmatuszewskin,vmatuszewskin@businessinsider.com,Vernon,Matuszewski,Male,true,y3IlFT,1972-10-16,4022236211,United States,Automated bi-directional toolset
25,afendleno,afendleno@theatlantic.com,Aldridge,Fendlen,Male,false,vXZLGQPA,1972-11-13,8658779523,Nicaragua,Enterprise-wide high-level time-frame
26,mblainep,mblainep@elegantthemes.com,Mame,Blaine,Female,true,wRXSpz7,1977-05-26,7497569954,Poland,User-friendly interactive website
27,ivowdenq,ivowdenq@blogger.com,Itch,Vowden,Male,true,NvM0T5vz,1994-10-05,8152955535,China,Devolved user-facing leverage
28,zlanonr,zlanonr@dot.gov,Zarah,Lanon,Genderqueer,false,gvL7S93G7w,1990-10-16,8152092274,Indonesia,Grass-roots even-keeled firmware
29,blindgrens,blindgrens@naver.com,Babb,Lindgren,Female,true,KktfnMPHNL,2001-07-21,5463259865,Honduras,Cross-platform fault-tolerant ability
30,nbriggdalet,nbriggdalet@bizjournals.com,Nyssa,Briggdale,Male,true,VQVJ6ft30,2001-12-18,7315709726,China,Profit-focused encompassing service-desk
31,jduckeru,jduckeru@google.cn,Joscelin,Ducker,Female,false,6M8Jmvo3KlJA,1995-10-16,8869173696,Lesotho,Public-key optimal software
32,msteanev,msteanev@opensource.org,Marijn,Steane,Male,false,4roNIpEjvVVb,2000-03-31,7863959914,Bulgaria,Team-oriented systematic customer loyalty
33,mangusw,mangusw@google.cn,Montgomery,Angus,Male,true,ZNnptzVME,1971-03-09,5432523664,Indonesia,Optional global model
34,jsafontx,jsafontx@google.co.uk,Johnathan,Safont,Male,true,C209hhVrM,2002-05-06,8243061569,Vietnam,Multi-layered optimal open architecture
35,melldredy,melldredy@nih.gov,Marion,Elldred,Male,true,ikJZEDFcRt,2001-01-06,1488983173,Poland,Sharable mission-critical database
36,kwoganz,kwoganz@java.com,Kent,Wogan,Female,true,PjIQwJO,1970-07-23,8111719104,Estonia,Managed bi-directional paradigm
37,eoppery10,eoppery10@wikipedia.org,Elvin,Oppery,Male,true,dEFJAgJSco,1999-10-26,5726135453,Democratic Republic of the Congo,Visionary dedicated process improvement
38,bjablonski11,bjablonski11@xinhuanet.com,Blondy,Jablonski,Male,false,NSzjnNO,1978-07-06,8968240860,Brazil,User-centric global moderator
39,rjarmaine12,rjarmaine12@gov.uk,Richart,Jarmaine,Male,true,N2sPwR28XZG,2003-04-23,7967700496,Iran,Re-engineered responsive concept
40,hbinley13,hbinley13@upenn.edu,Harlan,Binley,Female,false,qNj4Q4,1987-03-29,2588293853,France,Configurable explicit utilisation
41,tfuzzens14,tfuzzens14@theatlantic.com,Thedric,Fuzzens,Female,false,ei2Xhj87,1995-09-20,4655136910,Venezuela,Multi-layered fault-tolerant encoding
42,ggoodhall15,ggoodhall15@goo.gl,Gretel,Goodhall,Male,false,uFm8T3jh,1986-07-18,5137239276,China,Enhanced regional project
43,eibbott16,eibbott16@jimdo.com,Elmer,Ibbott,Male,true,TBnVnSuiX3nF,1982-04-10,4031832161,Russia,Function-based transitional interface
44,odryden17,odryden17@nps.gov,Osbourn,Dryden,Male,true,DfyBivt0Xvj,1989-10-18,4674905896,Brazil,Grass-roots mission-critical support
45,rmcgooch18,rmcgooch18@kickstarter.com,Rania,McGooch,Female,true,8gP42Pw1j8,1990-08-11,4188247438,China,Reverse-engineered 6th generation solution
46,jmaides19,jmaides19@comsenz.com,Jennee,Maides,Male,false,Ad1aY0Y,2001-03-11,2059724843,Vietnam,Quality-focused mission-critical migration
47,slawerence1a,slawerence1a@smugmug.com,Sissie,Lawerence,Female,false,TevnuQLP,1985-03-03,9809740505,Philippines,Diverse asynchronous open system
48,tkettlesting1b,tkettlesting1b@issuu.com,Thorpe,Kettlesting,Polygender,false,cKKYXSBITFc,1992-07-18,3092877928,China,Monitored actuating support
49,jmccolm1c,jmccolm1c@nationalgeographic.com,Jessica,McColm,Female,true,trGKKLiQ,1990-10-05,3676346893,Indonesia,Mandatory logistical throughput
50,btoffoloni1d,btoffoloni1d@ning.com,Bartel,Toffoloni,Female,false,AJN53D,2007-07-15,7164286234,Finland,Profit-focused homogeneous instruction set
51,lrathbourne1e,lrathbourne1e@reference.com,Luciana,Rathbourne,Male,false,XZzalpK50Rv,2000-04-26,7866653435,United States,Networked client-server approach
52,spendergast1f,spendergast1f@cbsnews.com,Stacee,Pendergast,Female,true,NKA368gHi,2008-01-01,9742852051,Ukraine,Assimilated context-sensitive array
53,ocarlesso1g,ocarlesso1g@soup.io,Orville,Carlesso,Polygender,true,eGYNeYQEI,2000-04-10,2258377105,Poland,Reverse-engineered maximized neural-net
54,mbulbeck1h,mbulbeck1h@oaic.gov.au,Madlin,Bulbeck,Male,false,U2kInA1DsdS,1999-01-08,9028659120,China,Exclusive demand-driven model
55,rrego1i,rrego1i@jugem.jp,Rebecca,Rego,Male,false,HVmgzgiRZhv8,1995-05-22,1639590664,Portugal,Secured grid-enabled challenge
56,vhalbord1j,vhalbord1j@utexas.edu,Vassili,Halbord,Female,false,3NZbAHF24xhB,1987-07-15,9596036621,France,Devolved high-level focus group
57,pashwin1k,pashwin1k@dmoz.org,Poppy,Ashwin,Female,false,9Kf9IOVT,1981-02-23,1992704788,Poland,Ameliorated coherent projection
58,lwoodall1l,lwoodall1l@shutterfly.com,Lazar,Woodall,Male,true,q9i6ODDSM,1992-07-05,5085134221,Indonesia,Phased user-facing access
59,zjubert1m,zjubert1m@google.com.br,Zsa zsa,Jubert,Female,false,zlXZS2vE,1978-03-09,6205855127,Netherlands,Ergonomic actuating Graphic Interface
60,yleng1n,yleng1n@google.nl,Yorke,Leng,Male,false,WZ0xhOxXn,1987-03-13,1284951792,Serbia,Distributed fresh-thinking capacity
61,gbenes1o,gbenes1o@narod.ru,Gaile,Benes,Female,false,cH2XaEO2,2007-09-25,4099735785,Marshall Islands,Versatile client-server core
62,lparkhouse1p,lparkhouse1p@netvibes.com,Law,Parkhouse,Non-binary,false,LBXRR4wKQci,2005-12-22,2725920379,China,Virtual motivating success
63,vhache1q,vhache1q@weather.com,Valentijn,Hache,Female,true,L2uoj8p6lLcP,1997-11-16,4839418750,Russia,Intuitive impactful function
64,bpiccard1r,bpiccard1r@phoca.cz,Boycie,Piccard,Male,true,2aJbyv4rO2m,2008-01-23,7775948123,Russia,Future-proofed directional interface
65,estanyland1s,estanyland1s@slashdot.org,Elysia,Stanyland,Female,false,XkIoEv,2005-10-22,8843570634,Indonesia,Inverse next generation protocol
66,aedel1t,aedel1t@noaa.gov,Alphonso,Edel,Female,true,M4b4B71K,1982-10-29,1066227036,Sweden,Re-contextualized 3rd generation pricing structure
67,jsturch1u,jsturch1u@ocn.ne.jp,Josefa,Sturch,Male,false,JQiwvR,1971-05-02,1906168343,Portugal,Managed mission-critical paradigm
68,asigward1v,asigward1v@alexa.com,Ailyn,Sigward,Female,false,9iDdllNZuRKZ,2006-07-15,9209217260,Peru,Multi-layered exuding adapter
69,lkeirle1w,lkeirle1w@cocolog-nifty.com,Lindsay,Keirle,Female,true,wY5lDGFy,1998-02-13,1037020390,China,Virtual reciprocal project
70,sweston1x,sweston1x@upenn.edu,Sharona,Weston,Male,false,fezvhj,1988-03-25,7196100744,United States,Total logistical monitoring
71,sbearblock1y,sbearblock1y@wired.com,Sheridan,Bearblock,Male,true,Q4tqPNSDux3X,1999-11-04,3203782745,Poland,Down-sized impactful success
72,ljefferys1z,ljefferys1z@seesaa.net,Lusa,Jefferys,Male,true,uLpZ9ySjHoRT,1994-09-12,9809397604,Peru,Stand-alone systemic structure
73,abushaway20,abushaway20@myspace.com,Andre,Bushaway,Male,true,Ojo0DzR,1997-09-15,2132755255,Brazil,De-engineered demand-driven attitude
74,abish21,abish21@youtu.be,Amble,Bish,Bigender,false,DXi88iI,1975-03-23,1245727912,Portugal,Diverse object-oriented pricing structure
75,lpeyto22,lpeyto22@feedburner.com,Lincoln,Peyto,Female,true,HtTF6RX,1989-03-10,1832112761,United Kingdom,Innovative leading edge task-force
76,ngillean23,ngillean23@hatena.ne.jp,Nathanil,Gillean,Female,false,wS1KXpQIQ,1971-11-05,6332017892,China,Mandatory non-volatile firmware
77,pwind24,pwind24@vkontakte.ru,Patrice,Wind,Female,false,BtS721Awyqe,1988-10-12,1766898163,China,Digitized 6th generation moderator
78,pbenoix25,pbenoix25@yelp.com,Phillida,Benoix,Female,false,IQ8vWUspYw,1994-08-01,3456533829,Ukraine,Digitized full-range standardization
79,csparham26,csparham26@biglobe.ne.jp,Catlaina,Sparham,Female,false,AGb4wHR,2000-02-14,8937048746,Philippines,Function-based encompassing standardization
80,gcrier27,gcrier27@china.com.cn,Gianni,Crier,Female,true,XLviXt5kiib,1984-01-04,5452219737,Indonesia,Cross-group bottom-line matrix
81,fidiens28,fidiens28@independent.co.uk,Fidole,Idiens,Male,true,De2tDbm,2006-08-22,2732060088,China,Fundamental bifurcated adapter
82,ariddle29,ariddle29@goodreads.com,Alastair,Riddle,Male,false,FuTCeZ9,1995-06-15,1345614506,Iceland,Sharable asynchronous internet solution
83,ihought2a,ihought2a@google.co.uk,Ignacio,Hought,Polygender,false,pIIAQ4qXV3or,1975-09-09,5395661749,France,Stand-alone human-resource groupware
84,mtonnesen2b,mtonnesen2b@bbc.co.uk,Mikey,Tonnesen,Female,false,uNeY14NbsDg,2003-09-13,6472468410,Indonesia,Managed incremental challenge
85,gbennett2c,gbennett2c@comsenz.com,Gertruda,Bennett,Female,true,LclHKte,1974-01-08,5843090147,Portugal,Secured high-level customer loyalty
86,grozsa2d,grozsa2d@ed.gov,Griselda,Rozsa,Female,false,lncuOJxnCp,2006-08-09,6875016983,Nigeria,Customer-focused neutral superstructure
87,elyptrade2e,elyptrade2e@networkadvertising.org,Ermentrude,Lyptrade,Male,true,EUDgGWwqRCvX,1973-04-16,4859868626,Democratic Republic of the Congo,Expanded analyzing project
88,hknoller2f,hknoller2f@yolasite.com,Hollis,Knoller,Bigender,true,BdRgeH8Tnj,1975-04-21,9818547249,Poland,Monitored national circuit
89,amckeaney2g,amckeaney2g@freewebs.com,Alisha,McKeaney,Female,true,oVwo2j,1987-02-14,8201694322,Ukraine,User-friendly incremental time-frame
90,tshepcutt2h,tshepcutt2h@sitemeter.com,Teddi,Shepcutt,Male,false,Kx4N8qLL5G,1989-11-20,6038974967,Uganda,Monitored optimal utilisation
91,ngostall2i,ngostall2i@berkeley.edu,Nert,Gostall,Female,false,RaG0IQxm,1993-05-05,7962330539,Greece,Balanced heuristic conglomeration
92,nsaffrin2j,nsaffrin2j@patch.com,Nikki,Saffrin,Male,true,uZzZI2,1979-12-14,8256250521,Russia,Re-contextualized static product
93,mong2k,mong2k@behance.net,Margie,Ong,Male,false,8QDFBbvu,1987-02-17,3707340566,Greece,Multi-tiered background project
94,steffrey2l,steffrey2l@netlog.com,Sherline,Teffrey,Male,true,cho0F1,1996-12-30,8608197878,United States,Persevering modular matrix
95,evolleth2m,evolleth2m@umich.edu,Eziechiele,Volleth,Male,false,1HfCZw,1986-01-22,6476712843,France,Synergistic 4th generation matrices
96,eteather2n,eteather2n@xrea.com,Evangeline,Teather,Male,false,n5pvVYh,1981-11-22,5666801743,Paraguay,Innovative heuristic paradigm
97,etester2o,etester2o@gizmodo.com,Enrichetta,Tester,Male,false,4YPMIg2lU,1989-04-06,9271465155,China,Secured systematic help-desk
98,jlathaye2p,jlathaye2p@webmd.com,Julianne,Lathaye,Female,true,TNFKmls0BPJ,2006-01-20,4064160535,United States,Down-sized human-resource standardization
99,mnorthley2q,mnorthley2q@yellowpages.com,Mendy,Northley,Female,false,Uxb8gTOh,2002-09-30,8064210785,China,Public-key upward-trending collaboration
100,emcelrath2r,emcelrath2r@netlog.com,Emmalynn,McElrath,Male,true,Qn8LwQA,1982-04-22,6948962433,Egypt,Quality-focused impactful moratorium
